Date,Total Number of Passengers Screened,,,,,,,,,
,Eight Largest Airports (note 1),,,,,Seventeen Largest Airports (note 2),,,,
,2023,2022,2021,2020,2019,2023,2022,2021,2020,2019
2023-01-01,"147,357.00","82,278.00","36,788.00","167,771.00","163,408.00","165,797.00","91,703.00","40,567.00","188,075.00","182,370.00"
2023-01-02,"156,934.00","79,100.00","27,425.00","157,641.00","144,461.00","178,235.00","88,616.00","31,085.00","173,503.00","160,526.00"
2023-01-03,"143,741.00","72,224.00","20,049.00","139,711.00","135,122.00","162,399.00","80,036.00","22,261.00","155,980.00","150,842.00"
2023-01-04,"141,105.00","70,459.00","21,979.00","136,000.00","134,642.00","156,873.00","78,078.00","24,217.00","150,524.00","149,677.00"
2023-01-05,"138,590.00","64,980.00","20,212.00","140,528.00","138,792.00","156,539.00","71,277.00","22,116.00","155,494.00","155,343.00"
2023-01-06,"138,528.00","62,229.00","21,085.00","147,064.00","144,526.00","156,540.00","69,229.00","23,176.00","162,765.00","161,604.00"
2023-01-07,"132,302.00","65,565.00","23,069.00","130,469.00","129,711.00","148,470.00","71,628.00","24,781.00","143,410.00","143,535.00"
2023-01-08,"143,884.00","66,149.00","26,519.00","141,314.00","142,380.00","162,152.00","73,014.00","29,051.00","155,385.00","158,025.00"
2023-01-09,"127,551.00","53,138.00","16,747.00","139,275.00","134,455.00","144,344.00","58,591.00","18,516.00","154,210.00","149,214.00"
2023-01-10,"108,322.00","42,419.00","11,658.00","123,221.00","127,668.00","120,516.00","46,796.00","13,063.00","136,831.00","143,389.00"
2023-01-11,"112,871.00","42,300.00","13,641.00","132,335.00","134,688.00","125,030.00","46,410.00","15,045.00","146,209.00","149,725.00"
2023-01-12,"121,447.00","43,034.00","15,169.00","144,061.00","141,897.00","136,976.00","47,741.00","16,646.00","160,996.00","158,504.00"
2023-01-13,"123,009.00","46,715.00","17,741.00","150,184.00","147,470.00","139,142.00","51,866.00","19,184.00","165,342.00","165,691.00"
2023-01-14,"116,876.00","47,661.00","17,871.00","123,170.00","123,090.00","129,270.00","51,617.00","19,115.00","134,405.00","136,508.00"
2023-01-15,"131,110.00","52,334.00","19,254.00","141,188.00","131,808.00","147,694.00","57,480.00","20,995.00","155,367.00","145,877.00"
2023-01-16,"124,170.00","33,584.00","13,634.00","144,580.00","148,867.00","139,962.00","37,305.00","15,184.00","158,357.00","164,130.00"
2023-01-17,"106,686.00","47,014.00","10,191.00","126,921.00","131,219.00","118,661.00","51,167.00","11,448.00","139,460.00","146,808.00"
2023-01-18,"110,142.00","39,654.00","12,503.00","132,757.00","131,367.00","122,686.00","42,785.00","13,943.00","147,253.00","146,052.00"
2023-01-19,"120,744.00","43,716.00","13,986.00","143,840.00","147,413.00","136,826.00","48,517.00","15,376.00","160,772.00","164,927.00"
2023-01-20,"131,106.00","46,110.00","15,658.00","151,462.00","154,204.00","147,850.00","51,100.00","16,990.00","167,707.00","173,001.00"
2023-01-21,"116,427.00","44,537.00","15,435.00","127,591.00","130,266.00","128,623.00","48,460.00","16,488.00","140,622.00","144,384.00"
2023-01-22,"130,791.00","48,211.00","17,739.00","142,395.00","145,042.00","147,373.00","53,067.00","19,482.00","158,592.00","161,803.00"
2023-01-23,"122,799.00","39,583.00","14,688.00","137,477.00","131,512.00","139,006.00","43,993.00","16,280.00","151,999.00","146,259.00"
2023-01-24,"106,085.00","34,263.00","9,302.00","125,166.00","129,139.00","118,165.00","37,763.00","10,657.00","138,827.00","143,918.00"
2023-01-25,"105,573.00","37,166.00","11,112.00","132,883.00","136,468.00","116,866.00","40,823.00","12,382.00","147,571.00","151,915.00"
2023-01-26,"125,236.00","44,799.00","12,381.00","145,507.00","148,342.00","141,825.00","49,139.00","13,720.00","162,118.00","166,121.00"
2023-01-27,"134,152.00","50,248.00","14,851.00","153,131.00","161,140.00","151,577.00","55,906.00","16,202.00","170,335.00","179,796.00"
2023-01-28,"120,371.00","46,770.00","14,187.00","133,219.00","138,753.00","133,415.00","51,275.00","15,189.00","146,543.00","152,996.00"
2023-01-29,"132,440.00","55,158.00","15,831.00","143,525.00","146,292.00","149,127.00","61,123.00","17,341.00","159,737.00","162,397.00"
2023-01-30,"122,670.00","46,626.00","12,795.00","142,300.00","148,787.00","139,061.00","51,894.00","14,277.00","157,432.00","164,243.00"
2023-01-31,"110,009.00","40,627.00","9,421.00","124,174.00","133,026.00","121,970.00","44,725.00","10,816.00","138,115.00","147,906.00"
2023-02-01,"117,100.00","41,270.00","11,320.00","132,191.00","132,242.00","129,919.00","45,557.00","12,596.00","146,529.00","146,792.00"
2023-02-02,"124,604.00","48,337.00","12,151.00","140,746.00","150,691.00","141,285.00","52,996.00","13,511.00","157,339.00","167,365.00"
2023-02-03,"136,721.00","53,331.00","13,055.00","146,964.00","159,709.00","153,820.00","58,920.00","14,268.00","162,289.00","178,547.00"
2023-02-04,"121,048.00","53,228.00","11,216.00","137,224.00","140,903.00","133,185.00","58,023.00","12,044.00","150,710.00","154,880.00"
2023-02-05,"138,435.00","57,140.00","12,699.00","148,503.00","154,437.00","156,493.00","63,058.00","14,185.00","165,807.00","171,113.00"
2023-02-06,"126,572.00","47,939.00","11,151.00","143,688.00","153,592.00","143,402.00","53,317.00","12,384.00","158,604.00","169,305.00"
2023-02-07,"109,254.00","40,576.00","9,072.00","130,894.00","129,178.00","122,012.00","44,591.00","10,269.00","145,226.00","142,282.00"
2023-02-08,"115,611.00","43,944.00","10,997.00","143,114.00","48,685.00","128,762.00","48,360.00","12,304.00","158,486.00","53,645.00"
2023-02-09,"125,202.00","56,933.00","11,984.00","157,262.00","157,836.00","142,148.00","62,557.00","13,534.00","175,969.00","175,532.00"
2023-02-10,"139,355.00","64,134.00","15,653.00","171,166.00","179,955.00","157,574.00","70,773.00","17,400.00","192,461.00","201,502.00"
2023-02-11,"124,246.00","60,229.00","11,469.00","147,480.00","154,961.00","137,970.00","65,800.00","12,670.00","163,928.00","171,746.00"
2023-02-12,"135,624.00","62,946.00","12,332.00","146,627.00","154,786.00","153,232.00","69,330.00","13,701.00","163,746.00","171,322.00"
2023-02-13,"127,366.00","53,296.00","14,661.00","155,728.00","160,932.00","144,575.00","59,023.00","16,615.00","174,062.00","178,128.00"
2023-02-14,"114,749.00","52,707.00","10,900.00","142,005.00","153,354.00","126,838.00","57,884.00","12,516.00","158,455.00","169,677.00"
2023-02-15,"134,310.00","58,153.00","11,502.00","142,817.00","143,638.00","148,912.00","64,045.00","12,741.00","158,627.00","159,413.00"
2023-02-16,"146,558.00","74,343.00","11,365.00","151,763.00","160,761.00","167,127.00","81,406.00","12,584.00","169,250.00","178,209.00"
2023-02-17,"162,149.00","88,132.00","13,739.00","160,487.00","170,169.00","184,213.00","97,820.00","15,134.00","177,611.00","189,374.00"
2023-02-18,"148,848.00","81,085.00","11,205.00","142,957.00","151,321.00","165,338.00","89,382.00","12,291.00","157,120.00","167,134.00"
2023-02-19,"150,905.00","78,681.00","14,120.00","154,995.00","159,557.00","169,209.00","86,386.00","15,936.00","173,505.00","177,719.00"
2023-02-20,"149,407.00","77,140.00","10,738.00","149,861.00","156,996.00","169,312.00","86,194.00","12,139.00","166,061.00","173,891.00"
2023-02-21,"137,212.00","64,375.00","7,525.00","135,548.00","145,067.00","153,404.00","70,892.00","8,736.00","149,788.00","161,152.00"
2023-02-22,"130,123.00","64,157.00","9,840.00","139,321.00","147,168.00","143,936.00","70,596.00","10,898.00","153,711.00","163,237.00"
2023-02-23,"137,970.00","79,529.00","10,049.00","145,417.00","167,710.00","155,346.00","86,984.00","11,381.00","160,956.00","186,499.00"
2023-02-24,"159,207.00","86,399.00","13,970.00","171,057.00","175,216.00","178,698.00","95,333.00","15,448.00","188,709.00","194,142.00"
2023-02-25,"137,671.00","88,911.00","10,179.00","146,276.00","152,293.00","151,742.00","96,283.00","11,146.00","160,617.00","167,381.00"
2023-02-26,"157,040.00","93,587.00","13,838.00","153,838.00","163,733.00","176,839.00","102,587.00","15,694.00","171,522.00","180,571.00"
2023-02-27,"142,534.00","77,893.00","13,028.00","142,440.00","155,017.00","160,998.00","85,802.00","14,588.00","156,687.00","170,585.00"
2023-02-28,"132,080.00","69,037.00","9,276.00","124,754.00","148,162.00","146,752.00","75,299.00","10,568.00","138,206.00","163,267.00"
2023-03-01,"137,540.00","68,258.00","11,197.00","131,309.00","151,746.00","152,690.00","74,489.00","12,537.00","146,311.00","168,111.00"
2023-03-02,"139,378.00","80,174.00","11,638.00","135,386.00","160,585.00","157,672.00","87,963.00","12,921.00","151,142.00","178,111.00"
2023-03-03,"139,820.00","88,626.00","14,619.00","144,218.00","170,048.00","156,888.00","98,264.00","15,912.00","160,036.00","188,729.00"
2023-03-04,"128,173.00","83,947.00","9,794.00","123,513.00","152,795.00","142,567.00","91,521.00","10,722.00","136,103.00","168,053.00"
2023-03-05,"155,337.00","90,781.00","12,763.00","132,440.00","163,467.00","174,201.00","99,918.00","14,470.00","149,156.00","181,737.00"
2023-03-06,"142,645.00","75,673.00","12,157.00","124,698.00","157,824.00","160,395.00","83,344.00","13,672.00","139,184.00","174,642.00"
2023-03-07,"127,720.00","67,820.00","8,956.00","113,982.00","142,069.00","142,235.00","74,616.00","10,203.00","126,397.00","157,134.00"
2023-03-08,"138,319.00","77,029.00","11,097.00","121,855.00","145,594.00","153,614.00","83,947.00","12,332.00","135,284.00","162,249.00"
2023-03-09,"144,565.00","90,760.00","11,430.00","118,461.00","152,573.00","162,389.00","98,559.00","12,774.00","132,456.00","171,002.00"
2023-03-10,"154,951.00","101,307.00","14,834.00","102,056.00","162,230.00","173,599.00","110,024.00","16,417.00","112,650.00","182,003.00"
2023-03-11,"145,861.00","96,301.00","10,102.00","72,633.00","145,427.00","159,373.00","103,107.00","11,106.00","79,123.00","161,969.00"
2023-03-12,"155,505.00","104,644.00","13,255.00","67,870.00","157,035.00","175,122.00","113,046.00","15,123.00","75,440.00","175,379.00"
2023-03-13,"148,177.00","88,072.00","12,714.00","59,447.00","149,385.00","166,744.00","96,451.00","14,404.00","65,581.00","167,154.00"
2023-03-14,"131,762.00","79,143.00","9,727.00","49,323.00","138,625.00","146,713.00","85,898.00","10,993.00","54,295.00","154,914.00"
2023-03-15,"133,122.00","77,988.00","11,510.00","47,446.00","144,111.00","149,233.00","85,266.00","12,808.00","52,446.00","160,539.00"
2023-03-16,"135,606.00","89,882.00","12,283.00","38,934.00","151,291.00","154,344.00","99,150.00","13,758.00","42,689.00","169,450.00"
2023-03-17,"144,745.00","96,500.00","14,117.00","37,982.00","162,087.00","164,788.00","107,236.00","15,493.00","41,813.00","180,696.00"
2023-03-18,"132,843.00","92,390.00","10,896.00","32,790.00","142,337.00","148,490.00","101,443.00","11,948.00","35,346.00","157,249.00"
2023-03-19,"145,000.00","98,273.00","13,459.00","28,518.00","154,690.00","164,830.00","108,780.00","15,336.00","30,804.00","172,504.00"
2023-03-20,"137,930.00","86,148.00","12,731.00","22,304.00","147,795.00","156,675.00","95,645.00","14,352.00","24,466.00","164,081.00"
2023-03-21,"121,586.00","75,314.00","9,731.00","16,782.00","134,682.00","137,290.00","82,946.00","11,029.00","18,338.00","149,993.00"
2023-03-22,"126,528.00","77,130.00","12,473.00","17,321.00","137,889.00","141,441.00","84,927.00","13,813.00","18,658.00","154,199.00"
2023-03-23,"133,238.00","89,902.00","12,750.00","14,442.00","144,743.00","151,678.00","99,234.00","14,363.00","15,491.00","162,493.00"
2023-03-24,"144,468.00","97,315.00","16,362.00","12,434.00","147,914.00","163,083.00","107,852.00","17,893.00","13,404.00","166,794.00"
2023-03-25,"127,108.00","90,487.00","11,481.00","10,728.00","135,636.00","139,701.00","98,731.00","12,574.00","11,470.00","150,817.00"
2023-03-26,"141,379.00","97,668.00","15,164.00","8,360.00","151,909.00","158,226.00","107,935.00","17,167.00","8,933.00","170,130.00"
2023-03-27,"135,679.00","88,983.00","13,457.00","7,132.00","144,329.00","153,801.00","97,879.00","15,077.00","7,755.00","160,574.00"
2023-03-28,"119,077.00","39,612.00","11,013.00","7,135.00","128,820.00","133,610.00","43,199.00","12,528.00","7,860.00","143,737.00"
2023-03-29,"125,454.00","77,910.00","14,834.00","6,624.00","136,826.00","139,811.00","85,868.00","16,580.00","7,318.00","151,879.00"
2023-03-30,"136,710.00","93,567.00","16,846.00","4,943.00","147,454.00","155,190.00","102,518.00","18,831.00","5,322.00","164,399.00"
2023-03-31,"148,716.00","103,390.00","17,361.00","5,265.00","156,403.00","168,185.00","114,084.00","19,148.00","5,819.00","174,477.00"
2023-04-01,"136,101.00","91,985.00","9,599.00","4,684.00","134,013.00","150,748.00","100,674.00","10,594.00","5,180.00","147,487.00"
2023-04-02,"145,207.00","98,266.00","13,867.00","4,156.00","150,498.00","164,031.00","108,258.00","15,688.00","4,646.00","167,465.00"
2023-04-03,"131,968.00","88,320.00","16,989.00","3,884.00","143,383.00","149,639.00","97,751.00","19,290.00","4,389.00","159,260.00"
2023-04-04,"123,073.00","78,370.00","11,619.00","4,316.00","132,760.00","138,406.00","85,892.00","13,400.00","4,908.00","147,570.00"
2023-04-05,"130,511.00","83,221.00","11,982.00","4,739.00","141,658.00","145,248.00","91,867.00","13,419.00","5,217.00","157,149.00"
2023-04-06,"159,569.00","96,608.00","11,855.00","3,610.00","148,970.00","180,367.00","106,168.00","13,270.00","4,028.00","166,882.00"
2023-04-07,"157,919.00","106,274.00","14,477.00","3,859.00","158,422.00","177,617.00","117,283.00","15,835.00","4,272.00","176,388.00"
2023-04-08,"128,988.00","92,699.00","10,859.00","2,768.00","139,057.00","143,591.00","101,309.00","11,867.00","3,056.00","153,076.00"
2023-04-09,"137,602.00","102,624.00","14,037.00","2,887.00","151,045.00","155,645.00","113,242.00","15,990.00","3,237.00","168,195.00"
2023-04-10,"145,599.00","92,115.00","12,574.00","3,412.00","147,759.00","165,874.00","102,205.00","14,292.00","3,815.00","164,540.00"
2023-04-11,"129,309.00","84,643.00","9,527.00","3,706.00","141,200.00","144,962.00","93,094.00","10,663.00","4,245.00","157,528.00"
2023-04-12,"127,967.00","96,511.00","11,781.00","4,732.00","156,799.00","143,263.00","106,547.00","13,131.00","5,239.00","174,219.00"
2023-04-13,"137,187.00","117,353.00","11,333.00","3,335.00","172,489.00","155,560.00","129,630.00","12,691.00","3,738.00","194,013.00"
2023-04-14,"151,638.00","117,308.00","13,611.00","4,142.00","161,147.00","170,022.00","129,404.00","14,961.00","4,613.00","179,818.00"
2023-04-15,"137,197.00","94,141.00","9,816.00","2,810.00","130,430.00","152,346.00","102,504.00","10,748.00","3,195.00","143,513.00"
2023-04-16,"149,346.00","101,854.00","12,916.00","3,364.00","146,436.00","168,832.00","111,610.00","14,468.00","3,740.00","162,757.00"
2023-04-17,"140,439.00","107,185.00","11,496.00","3,352.00","154,021.00","159,106.00","119,672.00","12,893.00","3,762.00","174,181.00"
2023-04-18,"122,399.00","88,823.00","9,204.00","3,813.00","144,009.00","137,330.00","98,213.00","10,543.00","4,360.00","161,770.00"
2023-04-19,"132,434.00","96,560.00","11,123.00","5,718.00","147,846.00","146,019.00","106,638.00","12,369.00","6,234.00","164,477.00"
2023-04-20,"144,939.00","104,418.00","10,608.00","3,379.00","153,715.00","163,812.00","115,408.00","11,997.00","3,813.00","172,248.00"
2023-04-21,"153,952.00","112,329.00","12,619.00","4,115.00","157,397.00","172,519.00","124,200.00","13,865.00","4,531.00","175,174.00"
2023-04-22,"136,298.00","100,186.00","9,831.00","3,099.00","139,851.00","149,441.00","109,683.00","10,713.00","3,434.00","153,519.00"
2023-04-23,"150,065.00","110,349.00","12,616.00","3,928.00","163,040.00","167,439.00","121,728.00","14,205.00","4,287.00","181,709.00"
2023-04-24,"139,677.00","102,545.00","11,305.00","4,057.00","158,030.00","157,051.00","113,563.00","12,772.00","4,612.00","175,370.00"
2023-04-25,"123,478.00","85,904.00","9,093.00","4,218.00","145,094.00","138,295.00","94,157.00","10,365.00","4,757.00","161,166.00"
2023-04-26,"133,467.00","94,974.00","12,024.00","5,638.00","153,854.00","147,651.00","104,555.00","13,544.00","6,276.00","170,334.00"
2023-04-27,"143,967.00","106,094.00","11,343.00","5,022.00","158,826.00","162,260.00","116,869.00","12,668.00","5,607.00","176,476.00"
2023-04-28,"150,989.00","114,493.00","14,226.00","5,798.00","164,026.00","169,805.00","126,388.00","15,644.00","6,431.00","181,285.00"
2023-04-29,"133,075.00","104,066.00","14,804.00","3,997.00","140,864.00","146,760.00","113,580.00","15,998.00","4,419.00","153,338.00"
2023-04-30,"152,409.00","121,557.00","15,482.00","5,601.00","157,631.00","171,577.00","135,095.00","17,052.00","6,209.00","175,653.00"
2023-05-01,"150,515.00","111,839.00","12,629.00","4,567.00","149,109.00","169,186.00","124,086.00","14,197.00","5,232.00","165,356.00"
2023-05-02,"130,939.00","95,764.00","10,793.00","4,670.00","132,887.00","145,927.00","105,144.00","12,107.00","5,242.00","147,695.00"
2023-05-03,"136,985.00","103,190.00","13,209.00","5,428.00","141,479.00","152,434.00","113,234.00","14,389.00","6,016.00","157,257.00"
2023-05-04,"147,422.00","112,111.00","11,980.00","4,525.00","147,650.00","165,329.00","123,709.00","13,154.00","5,123.00","164,665.00"
2023-05-05,"151,409.00","119,323.00","14,119.00","5,092.00","158,801.00","170,101.00","131,465.00","15,563.00","5,675.00","176,379.00"
2023-05-06,"131,264.00","100,309.00","11,496.00","3,427.00","132,122.00","145,399.00","109,694.00","12,366.00","3,846.00","144,138.00"
2023-05-07,"153,673.00","113,686.00","12,850.00","4,160.00","146,072.00","172,281.00","125,725.00","14,150.00","4,633.00","162,651.00"
2023-05-08,"142,452.00","109,351.00","12,431.00","5,147.00","147,354.00","160,393.00","121,686.00","14,153.00","5,684.00","163,923.00"
2023-05-09,"125,303.00","91,230.00","9,627.00","4,853.00","135,943.00","140,346.00","101,333.00","10,929.00","5,441.00","151,464.00"
2023-05-10,"132,890.00","99,845.00","12,002.00","5,600.00","149,383.00","148,664.00","110,404.00","13,313.00","6,294.00","166,343.00"
2023-05-11,"147,443.00","112,888.00","11,480.00","5,264.00","160,012.00","165,369.00","125,456.00","12,637.00","5,876.00","178,746.00"
2023-05-12,"150,779.00","122,543.00","13,207.00","5,605.00","173,541.00","169,937.00","135,467.00","14,679.00","6,275.00","193,139.00"
2023-05-13,"132,688.00","105,047.00","10,870.00","4,016.00","140,519.00","146,446.00","114,933.00","11,807.00","4,484.00","153,876.00"
2023-05-14,"150,548.00","121,936.00","13,202.00","4,554.00","135,750.00","169,182.00","135,605.00","14,580.00","5,009.00","148,360.00"
2023-05-15,"146,006.00","114,802.00","11,221.00","5,281.00","147,098.00","164,055.00","128,336.00","12,756.00","6,055.00","164,778.00"
2023-05-16,"129,541.00","101,229.00","9,735.00","4,850.00","136,984.00","144,874.00","111,793.00","11,119.00","5,525.00","154,624.00"
2023-05-17,"143,291.00","115,798.00","12,385.00","5,941.00","138,819.00","161,058.00","128,048.00","13,699.00","6,596.00","154,759.00"
2023-05-18,"157,026.00","123,803.00","14,224.00","5,317.00","146,329.00","176,261.00","137,551.00","15,799.00","5,940.00","163,850.00"
2023-05-19,"157,584.00","134,887.00","15,745.00","6,428.00","156,085.00","175,068.00","149,041.00","17,482.00","7,165.00","173,449.00"
2023-05-20,"145,217.00","114,865.00","10,948.00","4,201.00","126,763.00","159,380.00","125,393.00","11,939.00","4,704.00","139,110.00"
2023-05-21,"144,661.00","112,613.00","11,243.00","6,076.00","141,704.00","161,580.00","123,390.00","12,286.00","6,695.00","158,585.00"
2023-05-22,"148,084.00","117,843.00","14,421.00","6,117.00","151,470.00","167,735.00","133,482.00","16,896.00","6,934.00","169,382.00"
2023-05-23,"134,622.00","105,208.00","12,212.00","5,354.00","140,635.00","151,651.00","116,687.00","14,183.00","6,047.00","157,235.00"
2023-05-24,"134,164.00","109,069.00","13,799.00","5,491.00","144,347.00","151,136.00","121,040.00","15,514.00","6,337.00","161,208.00"
2023-05-25,"142,111.00","113,163.00","12,898.00","5,718.00","149,430.00","161,064.00","126,617.00","14,342.00","6,454.00","167,630.00"
2023-05-26,"143,834.00","121,149.00","14,772.00","6,530.00","158,642.00","162,527.00","134,457.00","16,392.00","7,382.00","177,539.00"
2023-05-27,"126,763.00","102,600.00","12,246.00","4,866.00","139,043.00","140,973.00","113,433.00","13,385.00","5,456.00","152,299.00"
2023-05-28,"147,421.00","117,617.00","15,815.00","6,663.00","160,524.00","166,995.00","130,922.00","17,731.00","7,420.00","178,437.00"
2023-05-29,"150,839.00","116,652.00","13,966.00","8,322.00","156,707.00","170,503.00","130,997.00","15,893.00","9,450.00","174,163.00"
2023-05-30,"133,119.00","105,977.00","13,769.00","8,114.00","138,503.00","149,602.00","117,344.00","15,604.00","9,108.00","154,256.00"
2023-05-31,"140,362.00","112,470.00","16,052.00","8,104.00","145,742.00","156,870.00","124,723.00","17,626.00","8,993.00","161,849.00"
2023-06-01,"153,697.00","120,080.00","15,881.00","8,328.00","158,011.00","172,865.00","133,939.00","17,467.00","9,216.00","176,893.00"
2023-06-02,"160,008.00","129,158.00","17,455.00","8,710.00","160,648.00","179,894.00","144,112.00","19,321.00","9,791.00","179,421.00"
2023-06-03,"138,002.00","110,667.00","14,651.00","6,539.00","140,232.00","152,446.00","121,800.00","15,844.00","7,240.00","154,316.00"
2023-06-04,"163,148.00","131,714.00","17,289.00","9,072.00","162,040.00","184,101.00","147,294.00","19,586.00","9,884.00","180,653.00"
2023-06-05,"154,532.00","125,437.00","15,925.00","8,790.00","162,571.00","173,787.00","140,170.00","18,228.00","9,859.00","180,028.00"
2023-06-06,"131,917.00","105,411.00","13,266.00","8,004.00","150,035.00","147,884.00","117,041.00","14,892.00","8,954.00","167,050.00"
2023-06-07,"140,585.00","117,408.00","16,358.00","8,616.00","151,529.00","157,726.00","130,075.00","18,318.00","9,623.00","168,532.00"
2023-06-08,"156,096.00","127,718.00","17,762.00","8,285.00","160,217.00","173,312.00","142,089.00","19,788.00","9,247.00","178,659.00"
2023-06-09,"162,109.00","135,100.00","19,315.00","9,290.00","169,803.00","180,926.00","151,208.00","21,592.00","10,325.00","187,963.00"
2023-06-10,"141,339.00","117,394.00","15,737.00","7,366.00","150,794.00","155,279.00","128,934.00","17,258.00","8,170.00","164,438.00"
2023-06-11,"165,113.00","140,512.00","19,458.00","10,249.00","165,332.00","185,175.00","156,788.00","21,963.00","11,258.00","183,338.00"
2023-06-12,"160,456.00","133,976.00","18,155.00","11,226.00","170,095.00","181,603.00","149,589.00","20,544.00","12,527.00","187,974.00"
2023-06-13,"143,154.00","115,657.00","16,246.00","9,683.00","157,684.00","160,270.00","128,603.00","18,353.00","10,894.00","173,986.00"
2023-06-14,"155,015.00","128,881.00","20,560.00","11,339.00","167,669.00","172,750.00","143,002.00","22,852.00","12,608.00","185,329.00"
2023-06-15,"166,113.00","135,349.00","21,430.00","11,964.00","178,961.00","186,886.00","151,041.00","23,752.00","13,175.00","198,741.00"
2023-06-16,"167,989.00","148,125.00","24,434.00","11,388.00","186,834.00","189,757.00","164,933.00","26,866.00","12,627.00","206,130.00"
2023-06-17,"146,607.00","133,110.00","20,843.00","9,700.00","165,308.00","162,591.00","146,149.00","22,664.00","10,720.00","179,426.00"
2023-06-18,"167,114.00","146,945.00","23,718.00","11,657.00","179,682.00","188,338.00","163,130.00","26,656.00","12,868.00","198,753.00"
2023-06-19,"173,893.00","154,746.00","23,256.00","13,908.00","176,925.00","196,254.00","171,148.00","26,311.00","15,470.00","195,653.00"
2023-06-20,"153,174.00","133,705.00","19,213.00","13,111.00","173,457.00","171,463.00","147,915.00","21,539.00","14,623.00","191,545.00"
2023-06-21,"159,291.00","139,372.00","26,945.00","13,158.00","177,009.00","177,995.00","154,362.00","29,805.00","14,564.00","195,907.00"
2023-06-22,"171,738.00","149,400.00","28,200.00","14,206.00","183,700.00","192,843.00","166,051.00","31,367.00","15,502.00","204,479.00"
2023-06-23,"178,851.00","152,198.00","33,018.00","15,204.00","194,753.00","201,027.00","169,279.00","36,603.00","16,831.00","216,336.00"
2023-06-24,"159,638.00","137,897.00","28,462.00","12,823.00","175,148.00","176,974.00","151,339.00","31,004.00","14,044.00","191,981.00"
2023-06-25,"178,801.00","155,756.00","32,262.00","15,130.00","176,250.00","201,497.00","172,565.00","36,401.00","16,689.00","192,678.00"
2023-06-26,"176,756.00","152,086.00","30,040.00","14,477.00","169,738.00","199,064.00","170,235.00","34,040.00","16,111.00","187,420.00"
2023-06-27,"168,036.00","139,721.00","28,647.00","14,320.00","173,701.00","188,451.00","154,880.00","31,819.00","15,954.00","193,382.00"
2023-06-28,"178,718.00","151,887.00","43,899.00","20,005.00","169,354.00","198,880.00","167,480.00","48,034.00","22,119.00","187,475.00"
2023-06-29,"188,276.00","160,892.00","43,940.00","18,046.00","170,295.00","211,948.00","177,948.00","48,521.00","19,914.00","187,887.00"
2023-06-30,"191,363.00","153,790.00","40,169.00","18,194.00","171,812.00","215,020.00","168,437.00","43,861.00","20,148.00","188,857.00"
2023-07-01,"170,935.00","141,422.00","34,829.00","14,682.00","172,806.00","188,078.00","154,268.00","38,001.00","16,169.00","188,761.00"
2023-07-02,"177,801.00","155,953.00","44,342.00","22,022.00","190,256.00","198,682.00","171,921.00","50,913.00","24,787.00","210,015.00"
2023-07-03,"180,579.00","155,899.00","42,010.00","18,305.00","186,214.00","202,583.00","173,448.00","47,488.00","20,940.00","205,172.00"
2023-07-04,"171,860.00","140,698.00","36,183.00","15,891.00","175,458.00","193,315.00","155,748.00","40,007.00","18,012.00","193,227.00"
2023-07-05,"171,743.00","140,040.00","38,683.00","16,892.00","176,417.00","191,604.00","153,940.00","43,062.00","19,061.00","193,984.00"
2023-07-06,"176,172.00","146,306.00","42,677.00","18,459.00","179,832.00","198,356.00","161,110.00","47,216.00","20,577.00","198,898.00"
2023-07-07,"178,777.00","149,578.00","48,055.00","19,752.00","188,154.00","200,650.00","164,611.00","53,018.00","22,008.00","207,792.00"
2023-07-08,"171,484.00","143,351.00","41,155.00","14,084.00","171,625.00","190,696.00","156,677.00","44,755.00","15,835.00","188,238.00"
2023-07-09,"184,508.00","158,861.00","48,024.00","20,145.00","174,703.00","207,518.00","175,250.00","54,344.00","22,602.00","194,177.00"
2023-07-10,"184,399.00","154,719.00","45,458.00","17,960.00","181,846.00","206,514.00","171,526.00","50,838.00","20,746.00","201,380.00"
2023-07-11,"172,240.00","136,672.00","37,668.00","15,010.00","171,872.00","192,573.00","150,511.00","41,714.00","17,193.00","189,387.00"
2023-07-12,"175,518.00","140,845.00","43,555.00","17,043.00","174,766.00","194,543.00","154,043.00","48,244.00","19,396.00","192,453.00"
2023-07-13,"179,963.00","150,175.00","51,163.00","18,146.00","183,998.00","202,831.00","165,688.00","56,829.00","20,630.00","204,393.00"
2023-07-14,"187,808.00","157,215.00","56,311.00","21,952.00","186,550.00","209,680.00","172,916.00","62,296.00","24,598.00","206,483.00"
2023-07-15,"173,502.00","146,234.00","48,723.00","16,727.00","175,345.00","192,764.00","159,241.00","53,405.00","18,729.00","191,521.00"
2023-07-16,"188,414.00","157,929.00","57,566.00","22,259.00","182,020.00","210,921.00","174,269.00","64,673.00","24,933.00","202,253.00"
2023-07-17,"184,601.00","151,868.00","52,237.00","19,216.00","177,837.00","206,966.00","167,499.00","58,636.00","22,234.00","198,205.00"
2023-07-18,"170,502.00","136,546.00","43,630.00","14,852.00","168,480.00","190,555.00","150,805.00","48,436.00","17,126.00","187,280.00"
2023-07-19,"167,192.00","144,025.00","47,913.00","17,629.00","172,696.00","186,529.00","158,162.00","53,202.00","19,984.00","191,502.00"
2023-07-20,"180,303.00","149,938.00","54,581.00","20,494.00","179,331.00","203,495.00","165,844.00","60,654.00","23,072.00","198,914.00"
2023-07-21,"185,597.00","153,295.00","61,167.00","25,563.00","185,316.00","208,688.00","168,844.00","67,380.00","28,304.00","204,889.00"
2023-07-22,"171,632.00","145,792.00","53,306.00","17,820.00","175,815.00","191,172.00","159,295.00","58,386.00","19,993.00","192,345.00"
2023-07-23,"185,331.00","156,897.00","61,314.00","22,848.00","186,507.00","207,798.00","173,467.00","68,992.00","25,636.00","206,162.00"
2023-07-24,"181,365.00","149,904.00","56,514.00","20,152.00","181,562.00","203,186.00","166,545.00","63,342.00","23,240.00","200,660.00"
2023-07-25,"172,406.00","134,739.00","49,904.00","16,938.00","175,752.00","193,094.00","148,850.00","55,349.00","19,353.00","193,573.00"
2023-07-26,"175,138.00","144,602.00","56,809.00","21,110.00","186,106.00","194,589.00","159,630.00","63,147.00","23,599.00","205,375.00"
2023-07-27,"181,343.00","153,866.00","59,164.00","24,113.00","190,946.00","203,676.00","170,116.00","66,119.00","26,974.00","211,457.00"
2023-07-28,"186,624.00","160,550.00","69,750.00","30,050.00","192,980.00","209,482.00","177,575.00","76,947.00","33,338.00","213,194.00"
2023-07-29,"174,936.00","148,862.00","59,858.00","22,569.00","177,031.00","194,745.00","163,806.00","65,765.00","25,282.00","193,740.00"
2023-07-30,"189,987.00","156,486.00","68,632.00","24,667.00","176,100.00","213,536.00","171,196.00","76,486.00","27,548.00","193,264.00"
2023-07-31,"183,313.00","158,372.00","67,498.00","26,732.00","184,868.00","205,534.00","176,147.00","73,561.00","30,976.00","206,006.00"
2023-08-01,"173,347.00","143,374.00","54,823.00","19,865.00","176,866.00","194,219.00","159,583.00","60,427.00","22,979.00","196,945.00"
2023-08-02,"175,300.00","141,213.00","65,614.00","22,819.00","177,160.00","195,374.00","155,829.00","73,480.00","25,856.00","195,653.00"
2023-08-03,"185,058.00","144,709.00","72,354.00","22,570.00","185,258.00","208,896.00","160,456.00","79,937.00","25,394.00","205,752.00"
2023-08-04,"188,985.00","153,105.00","76,180.00","27,586.00","189,792.00","212,523.00","170,110.00","83,897.00","30,706.00","210,826.00"
2023-08-05,"174,369.00","146,514.00","70,183.00","21,591.00","181,064.00","194,626.00","160,707.00","77,184.00","24,273.00","198,863.00"
2023-08-06,"182,468.00","157,469.00","77,363.00","29,618.00","191,289.00","205,398.00","175,166.00","87,704.00","33,500.00","212,345.00"
2023-08-07,"184,676.00","155,148.00","72,398.00","24,233.00","184,588.00","208,303.00","172,907.00","80,333.00","27,958.00","205,884.00"
2023-08-08,"178,825.00","138,753.00","62,186.00","17,658.00","178,698.00","200,877.00","153,829.00","69,021.00","20,200.00","197,848.00"
2023-08-09,"175,391.00","142,530.00","67,704.00","21,876.00","184,163.00","196,599.00","157,709.00","75,433.00","24,659.00","203,767.00"
2023-08-10,"180,857.00","149,379.00","76,507.00","24,024.00","190,138.00","204,631.00","165,550.00","84,771.00","26,789.00","211,725.00"
2023-08-11,"186,849.00","159,723.00","80,697.00","30,568.00","194,509.00","210,103.00","176,073.00","89,394.00","34,018.00","216,025.00"
2023-08-12,"173,952.00","148,236.00","75,938.00","23,565.00","181,131.00","194,644.00","163,296.00","83,806.00","26,390.00","198,854.00"
2023-08-13,"189,021.00","161,512.00","84,806.00","30,997.00","193,576.00","213,587.00","179,895.00","95,161.00","34,960.00","214,038.00"
2023-08-14,"187,793.00","156,883.00","81,609.00","25,162.00","192,049.00","210,881.00","175,157.00","90,495.00","28,928.00","213,114.00"
2023-08-15,"177,233.00","140,317.00","68,459.00","19,797.00","64,867.00","199,336.00","155,432.00","75,637.00","22,484.00","72,168.00"
2023-08-16,"181,198.00","145,215.00","74,856.00","22,863.00","176,905.00","201,807.00","160,465.00","83,523.00","25,865.00","194,218.00"
2023-08-17,"185,039.00","152,910.00","78,886.00","25,135.00","185,624.00","209,241.00","169,915.00","87,720.00","28,248.00","205,994.00"
2023-08-18,"186,970.00","157,417.00","86,822.00","29,595.00","187,983.00","207,231.00","174,632.00","95,588.00","32,995.00","208,077.00"
2023-08-19,"175,679.00","150,788.00","73,230.00","22,231.00","174,583.00","193,240.00","165,790.00","80,764.00","24,874.00","190,669.00"
2023-08-20,"189,499.00","162,393.00","86,811.00","30,499.00","184,574.00","211,298.00","180,293.00","97,011.00","34,531.00","202,090.00"
2023-08-21,"185,226.00","160,756.00","80,778.00","26,361.00","178,135.00","206,120.00","178,804.00","89,646.00","30,308.00","195,263.00"
2023-08-22,"171,834.00","142,512.00","68,052.00","19,667.00","165,332.00","191,514.00","157,967.00","74,739.00","22,311.00","182,686.00"
2023-08-23,"168,864.00","142,603.00","73,693.00","23,095.00","169,620.00","187,215.00","157,752.00","81,972.00","25,929.00","187,055.00"
2023-08-24,"178,230.00","143,526.00","77,848.00","24,718.00","176,460.00","199,699.00","159,691.00","86,815.00","27,792.00","195,641.00"
2023-08-25,"181,223.00","150,512.00","83,399.00","29,133.00","181,532.00","202,732.00","166,555.00","91,921.00","32,521.00","199,615.00"
2023-08-26,"172,029.00","139,808.00","74,682.00","21,261.00","162,872.00","190,486.00","153,872.00","82,027.00","23,724.00","178,102.00"
2023-08-27,"185,094.00","154,422.00","82,268.00","30,502.00","157,536.00","207,405.00","171,645.00","92,037.00","34,407.00","173,968.00"
2023-08-28,"177,328.00","145,978.00","78,092.00","27,158.00","172,064.00","198,403.00","162,483.00","86,562.00","30,923.00","192,030.00"
2023-08-29,"156,775.00","127,548.00","66,521.00","21,955.00","158,157.00","176,348.00","141,457.00","73,550.00","24,609.00","175,495.00"
2023-08-30,"162,918.00","137,411.00","75,845.00","23,688.00","150,410.00","181,598.00","152,328.00","84,147.00","26,663.00","166,265.00"
2023-08-31,"177,227.00","142,984.00","72,681.00","26,755.00","150,534.00","199,884.00","158,593.00","80,561.00","29,812.00","166,709.00"
2023-09-01,"179,363.00","148,697.00","78,117.00","31,823.00","156,887.00","201,440.00","163,875.00","85,967.00","35,346.00","172,700.00"
2023-09-02,"158,724.00","128,981.00","66,650.00","20,804.00","136,569.00","176,672.00","141,234.00","73,172.00","22,977.00","148,136.00"
2023-09-03,"164,298.00","133,434.00","68,445.00","23,724.00","163,098.00","184,300.00","146,334.00","76,770.00","26,761.00","179,667.00"
2023-09-04,"175,174.00","148,022.00","73,008.00","29,497.00","161,581.00","197,625.00","165,910.00","82,856.00","33,988.00","178,559.00"
2023-09-05,"154,753.00","126,736.00","57,368.00","22,325.00","146,354.00","174,539.00","141,535.00","64,195.00","25,452.00","162,187.00"
2023-09-06,"146,756.00","125,902.00","71,316.00","21,442.00","151,694.00","163,115.00","139,511.00","78,894.00","24,040.00","168,470.00"
2023-09-07,"154,563.00","129,930.00","70,468.00","22,001.00","163,378.00","173,712.00","144,029.00","77,828.00","24,669.00","182,442.00"
2023-09-08,"159,767.00","137,831.00","73,798.00","24,357.00","167,348.00","179,133.00","152,717.00","81,595.00","27,078.00","185,745.00"
2023-09-09,"147,494.00","124,687.00","62,152.00","17,662.00","146,325.00","163,119.00","136,644.00","67,819.00","19,661.00","160,066.00"
2023-09-10,"169,382.00","145,506.00","75,968.00","25,261.00","168,135.00","190,586.00","161,721.00","85,215.00","28,770.00","187,490.00"
2023-09-11,"164,042.00","139,786.00","67,662.00","23,348.00","163,375.00","183,896.00","155,863.00","75,538.00","26,736.00","181,995.00"
2023-09-12,"145,485.00","116,539.00","52,646.00","17,551.00","147,080.00","163,282.00","129,335.00","58,902.00","19,851.00","163,724.00"
2023-09-13,"148,577.00","126,694.00","61,657.00","21,132.00","154,606.00","165,930.00","140,341.00","69,302.00","23,638.00","172,304.00"
2023-09-14,"163,957.00","138,760.00","69,621.00","22,426.00","165,669.00","184,687.00","153,997.00","77,079.00","25,074.00","185,157.00"
2023-09-15,"168,636.00","146,467.00","76,728.00","25,605.00","171,282.00","188,318.00","163,087.00","85,725.00","28,701.00","190,798.00"
2023-09-16,"135,951.00","127,818.00","62,349.00","16,255.00","147,652.00","149,976.00","140,109.00","68,815.00","18,015.00","161,090.00"
2023-09-17,"172,039.00","147,779.00","75,556.00","23,861.00","167,813.00","192,949.00","165,200.00","85,308.00","27,288.00","186,808.00"
2023-09-18,"167,223.00","141,107.00","67,810.00","22,226.00","160,841.00","187,623.00","157,712.00","75,801.00","25,571.00","178,705.00"
2023-09-19,"147,210.00","121,134.00","50,683.00","15,487.00","146,122.00","164,914.00","134,543.00","56,539.00","17,581.00","163,138.00"
2023-09-20,"154,564.00","126,105.00","58,836.00","18,586.00","155,245.00","171,265.00","140,493.00","66,288.00","20,778.00","172,842.00"
2023-09-21,"166,490.00","139,634.00","68,524.00","20,806.00","161,539.00","187,175.00","155,565.00","76,555.00","23,677.00","180,659.00"
2023-09-22,"169,610.00","144,616.00","74,330.00","24,130.00","167,510.00","190,592.00","161,777.00","83,277.00","27,032.00","186,556.00"
2023-09-23,"149,260.00","118,597.00","61,050.00","15,907.00","139,348.00","164,030.00","129,276.00","67,538.00","17,643.00","152,326.00"
2023-09-24,"169,827.00","144,714.00","74,013.00","23,278.00","160,054.00","190,412.00","162,182.00","83,736.00","26,401.00","177,651.00"
2023-09-25,"164,543.00","135,718.00","67,165.00","21,125.00","158,032.00","184,429.00","152,129.00","75,179.00","24,395.00","175,320.00"
2023-09-26,"146,583.00","114,329.00","51,094.00","16,229.00","139,269.00","164,673.00","127,244.00","57,267.00","18,367.00","154,559.00"
2023-09-27,"154,064.00","122,390.00","62,745.00","21,371.00","148,058.00","171,488.00","136,104.00","70,650.00","24,007.00","164,511.00"
2023-09-28,"167,795.00","139,929.00","73,881.00","22,837.00","156,483.00","189,701.00","156,050.00","82,974.00","25,426.00","174,930.00"
2023-09-29,"171,555.00","146,977.00","75,673.00","24,970.00","160,010.00","193,267.00","163,437.00","84,601.00","27,690.00","178,576.00"
2023-09-30,"153,326.00","126,461.00","62,273.00","16,723.00","134,528.00","168,930.00","138,718.00","68,758.00","18,441.00","147,100.00"
2023-10-01,"167,043.00","145,837.00","77,750.00","22,836.00","155,267.00","187,924.00","163,267.00","87,868.00","25,866.00","173,151.00"
2023-10-02,"163,424.00","133,319.00","67,305.00","21,744.00","150,568.00","183,824.00","148,873.00","75,466.00","24,927.00","167,633.00"
2023-10-03,"146,069.00","112,730.00","52,054.00","15,226.00","135,619.00","164,405.00","125,664.00","58,646.00","17,221.00","151,445.00"
2023-10-04,"156,727.00","127,566.00","69,306.00","19,688.00","152,662.00","176,757.00","142,223.00","77,665.00","22,026.00","170,247.00"
2023-10-05,"170,610.00","145,319.00","80,612.00","24,417.00","169,215.00","193,081.00","161,930.00","90,711.00","28,084.00","190,072.00"
2023-10-06,"179,579.00","161,276.00","88,967.00","29,911.00","179,106.00","203,182.00","178,912.00","100,896.00","34,152.00","202,092.00"
2023-10-07,"153,316.00","132,486.00","71,159.00","20,094.00","149,571.00","169,348.00","146,314.00","78,661.00","22,337.00","164,451.00"
2023-10-08,"149,724.00","130,985.00","63,133.00","18,152.00","138,494.00","167,285.00","143,766.00","71,667.00","20,221.00","151,369.00"
2023-10-09,"164,648.00","144,715.00","82,331.00","26,415.00","163,016.00","186,741.00","162,836.00","94,238.00","31,400.00","184,303.00"
2023-10-10,"151,459.00","130,997.00","70,115.00","20,428.00","156,546.00","171,695.00","147,243.00","78,658.00","23,885.00","175,536.00"
2023-10-11,"148,416.00","124,309.00","66,659.00","21,028.00","151,007.00","166,234.00","138,458.00","74,532.00","23,596.00","168,224.00"
2023-10-12,"152,665.00","131,434.00","72,731.00","21,190.00","153,130.00","171,113.00","146,168.00","81,074.00","23,964.00","171,659.00"
2023-10-13,"156,826.00","141,647.00","77,033.00","24,213.00","162,908.00","176,137.00","157,301.00","85,900.00","27,198.00","181,330.00"
2023-10-14,"139,804.00","125,376.00","66,872.00","17,643.00","141,187.00","153,762.00","137,505.00","73,638.00","19,639.00","153,916.00"
2023-10-15,"162,048.00","146,451.00","80,081.00","24,204.00","155,332.00","182,245.00","162,679.00","90,150.00","27,654.00","173,328.00"
2023-10-16,"155,480.00","134,214.00","71,527.00","20,380.00","148,244.00","174,682.00","149,449.00","79,682.00","23,310.00","165,953.00"
2023-10-17,"135,811.00","112,451.00","52,902.00","3,323.00","132,753.00","151,186.00","125,003.00","58,948.00","3,957.00","148,525.00"
2023-10-18,"143,860.00","119,280.00","61,959.00","16,164.00","142,659.00","160,598.00","132,383.00","69,226.00","18,288.00","159,070.00"
2023-10-19,"155,448.00","136,558.00","72,292.00","19,298.00","151,290.00","174,772.00","152,357.00","80,980.00","21,871.00","170,666.00"
2023-10-20,"159,918.00","145,191.00","78,264.00","23,567.00","156,310.00","180,176.00","161,439.00","87,851.00","26,266.00","175,770.00"
2023-10-21,"135,887.00","123,447.00","66,244.00","17,628.00","126,337.00","149,307.00","135,094.00","72,533.00","19,788.00","139,259.00"
2023-10-22,"157,453.00","144,088.00","77,913.00","21,928.00","148,098.00","176,535.00","159,523.00","87,656.00","25,067.00","165,718.00"
2023-10-23,"150,579.00","129,315.00","70,029.00","19,345.00","137,119.00","169,299.00","144,266.00","78,085.00","22,033.00","154,260.00"
2023-10-24,"133,282.00","109,512.00","52,500.00","13,669.00","123,114.00","147,897.00","121,405.00","58,774.00","15,778.00","137,479.00"
2023-10-25,"141,829.00","113,699.00","61,201.00","18,686.00","129,593.00","157,411.00","125,986.00","68,540.00","20,847.00","144,970.00"
2023-10-26,"148,300.00","126,528.00","69,724.00","19,088.00","127,739.00","165,620.00","140,780.00","77,686.00","21,629.00","142,035.00"
2023-10-27,"152,176.00","136,043.00","75,361.00","23,144.00","147,621.00","172,253.00","151,115.00","84,306.00","26,076.00","164,001.00"
2023-10-28,"128,670.00","111,137.00","61,913.00","18,060.00","130,619.00","141,955.00","121,921.00","68,067.00","19,662.00","143,435.00"
2023-10-29,"142,581.00","129,222.00","69,667.00","24,753.00","147,782.00","158,810.00","142,736.00","77,235.00","27,746.00","163,894.00"
2023-10-30,"131,849.00","114,428.00","70,213.00","21,799.00","139,790.00","146,036.00","126,960.00","77,621.00","24,586.00","155,307.00"
2023-10-31,"111,772.00","113,302.00","54,992.00","14,645.00","128,945.00","123,139.00","124,749.00","60,539.00","16,488.00","144,351.00"
2023-11-01,"132,244.00","113,341.00","58,029.00","18,054.00","141,714.00","146,858.00","124,666.00","64,272.00","20,102.00","157,725.00"
2023-11-02,"140,790.00","132,865.00","70,560.00","20,556.00","154,338.00","156,733.00","146,129.00","78,385.00","23,283.00","173,206.00"
2023-11-03,"147,080.00","146,246.00","80,862.00","24,890.00","166,040.00","164,229.00","162,419.00","89,507.00","27,933.00","186,212.00"
2023-11-04,"131,828.00","126,088.00","70,734.00","20,198.00","139,343.00","144,482.00","138,275.00","77,461.00","22,260.00","153,673.00"
2023-11-05,"151,412.00","142,525.00","80,458.00","22,876.00","147,118.00","167,516.00","156,358.00","89,243.00","25,673.00","162,859.00"
2023-11-06,"142,535.00","137,144.00","73,841.00","19,257.00","143,271.00","158,337.00","151,588.00","81,756.00","21,944.00","160,592.00"
2023-11-07,"130,437.00","118,799.00","60,737.00","16,049.00","138,170.00","144,109.00","132,425.00","67,088.00","18,175.00","154,388.00"
2023-11-08,"139,178.00","123,504.00","70,502.00","19,252.00","133,532.00","153,764.00","137,473.00","78,733.00","22,081.00","148,658.00"
2023-11-09,"153,396.00","141,114.00","80,597.00","18,253.00","143,360.00","170,839.00","157,635.00","89,916.00","20,551.00","161,116.00"
2023-11-10,"158,040.00","143,282.00","74,997.00","20,118.00","150,659.00","176,634.00","159,034.00","83,290.00","22,341.00","168,570.00"
2023-11-11,"138,363.00","123,222.00","66,225.00","21,109.00","129,587.00","152,325.00","135,262.00","72,705.00","23,123.00","142,327.00"
2023-11-12,"146,912.00","144,935.00","85,635.00","24,735.00","147,719.00","162,623.00","161,853.00","95,828.00","28,473.00","163,783.00"
2023-11-13,"144,347.00","132,937.00","78,838.00","19,118.00","138,335.00","160,911.00","148,208.00","88,171.00","21,930.00","153,440.00"
2023-11-14,"130,334.00","72,778.00","62,658.00","14,026.00","121,793.00","145,454.00","80,173.00","69,433.00","15,826.00","135,598.00"
2023-11-15,"132,896.00","115,364.00","65,546.00","16,794.00","130,099.00","147,526.00","127,876.00","73,331.00","18,718.00","144,527.00"
2023-11-16,"142,687.00","132,283.00","74,389.00","17,708.00","133,453.00","159,556.00","146,997.00","83,507.00","19,859.00","150,324.00"
2023-11-17,"146,591.00","136,500.00","78,025.00","20,731.00","140,246.00","163,545.00","151,101.00","87,604.00","22,827.00","157,033.00"
2023-11-18,"127,089.00","114,748.00","66,571.00","18,997.00","120,093.00","139,546.00","124,876.00","72,808.00","20,373.00","131,168.00"
2023-11-19,"141,426.00","131,786.00","75,031.00","20,974.00","134,244.00","157,298.00","145,888.00","84,088.00","23,512.00","148,592.00"
2023-11-20,"132,202.00","113,680.00","67,827.00","17,219.00","126,801.00","147,535.00","127,833.00","75,611.00","19,273.00","141,214.00"
2023-11-21,"119,850.00","102,989.00","25,337.00","13,667.00","118,436.00","132,448.00","114,670.00","28,259.00","15,171.00","132,226.00"
2023-11-22,"131,586.00","113,439.00","61,667.00","16,423.00","127,664.00","145,710.00","125,575.00","68,003.00","18,181.00","141,870.00"
2023-11-23,"133,476.00","119,952.00","68,378.00","15,568.00","125,705.00","149,520.00","132,530.00","76,371.00","17,246.00","140,935.00"
2023-11-24,"141,133.00","130,528.00","72,838.00","19,933.00","132,433.00","157,371.00","145,052.00","81,577.00","21,739.00","147,608.00"
2023-11-25,"130,237.00","118,548.00","68,538.00","20,081.00","128,174.00","142,408.00","128,884.00","75,155.00","21,457.00","140,679.00"
2023-11-26,"146,713.00","138,620.00","82,084.00","20,574.00","139,815.00","163,005.00","153,280.00","91,940.00","22,667.00","155,551.00"
2023-11-27,"137,165.00","125,827.00","75,548.00","17,808.00","144,864.00","152,882.00","139,155.00","84,975.00","19,698.00","160,642.00"
2023-11-28,"124,384.00","103,630.00","61,986.00","14,634.00","118,783.00","138,056.00","114,771.00","68,702.00","16,135.00","132,896.00"
2023-11-29,"125,509.00","113,633.00","66,349.00","17,089.00","127,297.00","139,285.00","125,289.00","73,641.00","18,565.00","141,641.00"
2023-11-30,"141,115.00","127,706.00","72,272.00","17,283.00","137,612.00","157,739.00","143,269.00","80,948.00","18,900.00","153,844.00"
2023-12-01,"149,539.00","130,636.00","78,257.00","22,573.00","143,593.00","166,384.00","145,988.00","87,374.00","24,446.00","159,791.00"
2023-12-02,"123,151.00","113,192.00","64,984.00","23,763.00","122,800.00","134,939.00","125,215.00","71,730.00","25,230.00","134,058.00"
2023-12-03,"140,033.00","129,123.00","78,293.00","22,384.00","140,827.00","155,610.00","143,730.00","87,892.00","24,434.00","156,588.00"
2023-12-04,,"121,012.00","72,620.00","17,441.00","133,302.00",,"134,880.00","81,041.00","19,353.00","148,122.00"
2023-12-05,,"101,695.00","61,383.00","14,337.00","125,845.00",,"113,261.00","68,165.00","15,835.00","139,948.00"
2023-12-06,,"109,760.00","66,047.00","18,975.00","131,887.00",,"122,534.00","73,830.00","20,679.00","146,635.00"
2023-12-07,,"123,253.00","74,408.00","19,423.00","145,070.00",,"138,906.00","82,543.00","21,244.00","161,985.00"
2023-12-08,,"131,187.00","85,157.00","23,589.00","156,661.00",,"149,091.00","94,678.00","25,534.00","174,673.00"
2023-12-09,,"115,639.00","75,343.00","26,733.00","143,942.00",,"128,877.00","82,755.00","28,456.00","157,738.00"
2023-12-10,,"130,288.00","85,717.00","25,612.00","159,187.00",,"146,828.00","95,642.00","27,578.00","175,473.00"
2023-12-11,,"123,057.00","82,113.00","21,288.00","149,725.00",,"138,276.00","91,739.00","23,108.00","165,901.00"
2023-12-12,,"110,467.00","79,401.00","19,317.00","155,395.00",,"124,638.00","87,390.00","20,977.00","171,962.00"
2023-12-13,,"123,697.00","77,399.00","20,987.00","160,896.00",,"139,430.00","86,562.00","23,013.00","178,653.00"
2023-12-14,,"133,004.00","88,825.00","26,570.00","173,958.00",,"150,466.00","98,589.00","28,703.00","193,808.00"
2023-12-15,,"144,575.00","98,229.00","35,261.00","184,599.00",,"164,879.00","109,882.00","38,683.00","205,306.00"
2023-12-16,,"139,345.00","91,861.00","36,711.00","170,595.00",,"157,064.00","102,632.00","39,367.00","189,731.00"
2023-12-17,,"146,482.00","94,641.00","33,051.00","171,129.00",,"164,764.00","105,521.00","35,581.00","190,845.00"
2023-12-18,,"146,810.00","91,709.00","25,086.00","165,942.00",,"165,545.00","102,576.00","27,514.00","185,288.00"
2023-12-19,,"125,990.00","85,835.00","22,663.00","152,965.00",,"140,919.00","95,874.00","25,183.00","169,582.00"
2023-12-20,,"148,650.00","86,085.00","28,340.00","144,294.00",,"166,508.00","96,763.00","31,272.00","157,699.00"
2023-12-21,,"157,635.00","90,975.00","21,460.00","166,139.00",,"177,596.00","101,267.00","23,334.00","186,184.00"
2023-12-22,,"120,940.00","81,077.00","16,939.00","180,519.00",,"132,321.00","91,007.00","17,839.00","202,217.00"
2023-12-23,,"138,839.00","68,722.00","27,237.00","168,841.00",,"154,785.00","75,030.00","28,882.00","188,577.00"
2023-12-24,,"140,926.00","82,392.00","32,097.00","169,761.00",,"155,443.00","91,752.00","34,713.00","190,400.00"
2023-12-25,,"157,235.00","84,551.00","24,882.00","161,211.00",,"178,040.00","95,475.00","27,605.00","180,365.00"
2023-12-26,,"154,821.00","82,042.00","21,348.00","144,203.00",,"174,980.00","92,007.00","23,789.00","160,252.00"
2023-12-27,,"155,743.00","79,179.00","24,043.00","154,945.00",,"174,948.00","88,875.00","26,699.00","172,445.00"
2023-12-28,,"156,923.00","81,032.00","17,141.00","161,841.00",,"178,272.00","90,485.00","18,855.00","181,429.00"
2023-12-29,,"157,831.00","71,467.00","19,852.00","168,476.00",,"178,412.00","80,776.00","21,541.00","187,377.00"
2023-12-30,,"137,373.00","69,622.00","30,913.00","162,485.00",,"154,020.00","77,109.00","33,807.00","180,131.00"
2023-12-31,,"147,357.00","82,278.00","36,788.00","167,771.00",,"165,797.00","91,703.00","40,567.00","188,075.00"